Benchmark Name,Iteration 1,Iteration 2,Iteration 3,Iteration 4,Iteration 5,Iteration 6,Iteration 7,Iteration 8,Iteration 9,Iteration 10,Iteration 11,Iteration 12,Iteration 13,Iteration 14,Iteration 15,Iteration 16,Iteration 17,Iteration 18,Iteration 19,Iteration 20,Iteration 21,Iteration 22,Iteration 23,Iteration 24,Iteration 25,Iteration 26,Iteration 27,Iteration 28,Iteration 29,Iteration 30,RSD
zipkin2.v1.V1SpanTest._Benchmark.benchmark_binaryAnnotationEndpoint_ignoresEmptyAddress,918043.366,913281.831,913900.871,912007.995,909302.102,911013.734,902906.205,915974.453,895487.902,901359.18,917484.181,915576.581,866450.401,800973.289,788764.445,791641.144,792550.875,804796.85,801363.733,781594.213,794826.161,785187.816,804700.122,805017.639,789391.736,803871.58,804895.589,803512.969,765211.955,793648.109,6.861651744
zipkin2.v1.V1SpanTest._Benchmark.benchmark_annotationEndpoint_emptyToNull,571797.099,601250.185,617888.335,604031.937,612758.647,617398.588,603231.994,611575.735,603778.489,611699.104,612978.68,600914.306,615180.096,600402.582,609785.617,620874.094,613717.226,592571.521,613513.415,614561.197,606129.251,607535.927,620751.363,620225.506,613648.428,605128.53,618637.55,613508.703,587670.041,608278.02,1.741028218
zipkin2.internal.Proto3FieldsTest._Benchmark.benchmark_boolean_sizeInBytes,603961.372,627847.695,615842.437,628979.669,608204.535,619988.286,600024.584,598761.664,616003.572,605344.797,605993.444,616286.11,607224.302,618139.994,619659.693,608704.753,615354.293,617212.015,609017.187,600001.738,603816.191,602536.982,608829.343,618042.924,602802.861,597696.023,606226.002,607963.22,608157.027,609711.808,1.334936042
zipkin2.internal.Proto3FieldsTest._Benchmark.benchmark_utf8_sizeInBytes,623057.562,619674.759,625690.406,630324.837,629869.926,633545.462,633801.565,632687.454,631606.209,632153.309,631858.793,632678.128,630736.964,632177.775,626501.731,626706.185,629151.057,624312.695,627974.792,632007.636,634232.454,631244.278,623099.003,622504.965,625125.865,612395.467,616322.637,625039.123,627613.514,617270.229,0.900404383
zipkin2.internal.Proto3FieldsTest._Benchmark.benchmark_varint_sizeInBytes,587020.423,592065.155,586117.928,589051.645,577649.789,582314.619,587923.43,586036.117,585780.542,591942.779,583757.58,580884.055,585590.992,578359.191,585149.992,586544.037,592594.079,584343.792,583550.904,589518.492,584513.21,576908.692,571061.613,583153.41,585209.957,588057.218,588389.489,591783.108,592225.425,590505.222,0.862196107
zipkin2.internal.Proto3FieldsTest._Benchmark.benchmark_field_read_FIXED64,611302.293,616153.039,618265.173,614648.503,626010.112,615044.634,623844.432,622825.378,618516.495,626235.143,623470.028,626568.294,626928.744,623968.404,627527.421,629515.886,629441.595,628150.505,624329.769,627509.643,622147.052,629384.12,617398.765,622139.806,625308.679,620495.444,619513.358,626382.126,629039.319,626238.258,0.796888431
zipkin2.internal.Proto3FieldsTest._Benchmark.benchmark_field_skipValue_LENGTH_DELIMITED,619914.218,618576.994,620298.341,614273.167,618685.239,615561.513,615781.005,613556.994,615030.998,615124.654,616298.041,617865.878,620238.056,620292.466,619041.22,610841.655,616465.895,616765.423,621403.246,618624.845,615840.129,611297.848,622783.497,611462.952,613230.08,606569.571,617791.591,601025.275,606490.438,618102.272,0.783671573
zipkin2.internal.FilterTracesTest._Benchmark.benchmark_returnsWhenValidlyMatches,760189.056,762517.97,761683.974,764870.635,748004.411,765206.48,764827.812,763451.833,765453.904,761818.691,765989.9,749950.618,761398.568,766401.347,761633.702,765335.646,765267.166,765199.08,765454.683,761940.291,764250.481,766189.302,750913.843,751359.943,748929.617,761489.216,762279.935,764020.527,764709.202,753137.028,0.756785001
zipkin2.internal.Proto3FieldsTest._Benchmark.benchmark_field_readLengthPrefix_LENGTH_DELIMITED,625633.465,623243.298,625982.36,626121.96,624366.025,623322.977,626049.251,629878.931,634951.358,637591.539,626764.648,632838.748,640054.071,633320.242,628450.889,634157.039,626194.663,634499.129,633094.095,627271.43,630359.103,628710.098,628546.444,620935.59,633224.22,633142.508,625680.304,630417.199,625418.995,630133.167,0.725972226
zipkin2.internal.Proto3FieldsTest._Benchmark.benchmark_fixed32_sizeInBytes,634484.106,633562.427,630700.003,629374.316,631710.459,627175.773,627417.567,629456.732,629503.417,631354.86,632197.167,633334.527,627611.216,627589.149,626266.34,630708.525,626957.532,632424.897,631792.691,629286.791,636803.854,631303.879,628368.388,635091.102,633160.307,625082.035,615932.344,617528.222,631264.688,633262.255,0.715062116
zipkin2.internal.Proto3FieldsTest._Benchmark.benchmark_field_skipValue_FIXED32,632110.485,637715.325,634901.178,638915.466,635383.461,638534.77,629728.842,639519.455,634450.842,634588.145,632543.72,625520.628,634806.658,637116.178,638670.785,634618.131,633602.267,629242.74,640862.411,631394.55,637428.828,630457.842,631022.017,638322.173,639372.616,636874.281,630592.601,633408.443,638047.925,625030.059,0.646413675
zipkin2.internal.Proto3ZipkinFieldsTest._Benchmark.benchmark_annotation_sizeInBytes,611097.46,612540.217,613991.476,605214.568,607008.497,611777.696,604612.079,614119.767,610573.694,605259.851,614003.303,615913.421,608719.621,606423.394,606726.593,600914.078,612481.402,613917.433,613688.838,608213.377,607296.445,609449.526,615037.876,613702.835,613001.944,614847.348,614675.272,608016.485,608542.644,614834.879,0.642104537
zipkin2.internal.Proto3FieldsTest._Benchmark.benchmark_field_skipValue_FIXED64,624345.915,628545.47,633514.086,635055.009,635233.957,628898.261,635557.386,634118.824,641314.101,637354.783,631534.312,638937.207,642912.319,641163.882,635947.919,636658.302,638332.613,639912.057,636139.705,638020.945,637848.596,638233.058,640654.547,636152.319,633037.159,633101.974,639428.099,634748.8,635234.398,632625.878,0.641970081
zipkin2.storage.StrictTraceIdTest._Benchmark.benchmark_filterTraces_skipsOnNoClash,658083.857,663681.135,659563.005,667787.802,663071.468,661502.769,662119.941,666801.102,660037.79,662795.268,666654.093,665498.603,670020.486,667825.876,670415.66,666572.658,671214.42,670714.833,670856.51,668680.228,670040.157,669615.921,670745.984,671089.208,672904.94,671896.499,673112.276,668654.362,670615.788,669245.477,0.63119795
zipkin2.internal.ReadBufferTest._Benchmark.benchmark_readShort_bytes,852575.833,851614.98,853302.383,867118.724,856942.167,859648.476,857239.465,856854.709,864342.353,864051.813,864914.966,864712.953,861707.309,866082.351,863255.759,850432.859,862323.913,858507.631,864593.791,864967.17,866919.377,861648.645,863622.685,868020.636,859232.432,855495.2,849869.515,854629.703,854086.434,862351.183,0.627975301
zipkin2.internal.Proto3FieldsTest._Benchmark.benchmark_fixed64_sizeInBytes,635331.547,634569.007,638531.432,637375.063,635113.118,635367.564,640496.868,643500.943,639002.935,635801.149,637060.329,637241.187,636084.234,629716.468,633179.364,637229.935,638418.917,641608.796,625942.945,634361.176,634110.63,629372.998,628640.745,635498.01,636419.04,629981.327,636053.438,636828.431,630938.987,632231.294,0.620082755
zipkin2.internal.ReadBufferTest._Benchmark.benchmark_readLong_byteBuff_littleEndian,820061.33,818611.162,819369.418,821075.491,818691.748,828688.52,817976.804,815754.168,817026.422,809077.413,812578.324,815419.819,825367.849,826886.867,825934.572,828051.556,825717.886,820478.166,823052.441,818165.793,820446.467,816552.107,825706.866,830369.948,822680.316,825986.005,828076.734,821994.424,824555.588,820110.664,0.618312921
zipkin2.internal.WriteBufferTest._Benchmark.benchmark_writeLongLe_matchesByteBuffer,800825.836,806082.641,803888.343,800033.027,801225.638,812638.736,813753.949,807300.997,806513.755,808521.446,807427.526,805346.36,802763.534,804442.004,810046.657,813130.052,811243.363,809278.506,801917.538,804560.892,801299.204,809311.552,801166.045,800054.842,806289.992,815008.39,817026.341,812419.317,813200.803,810772.515,0.610907504
zipkin2.internal.V1ThriftSpanWriterTest._Benchmark.benchmark_writeList_empty,530030.29,534846.831,536526.645,530741.092,534489.368,530063.205,532137.286,532210.199,524147.487,526734.856,531105.117,534770.024,533767.388,534679.996,531506.109,534898.677,530473.982,529684.982,531683.803,532930.515,532419.532,533285.739,537828.175,538564.238,537569.187,535556.156,529393.052,532975.95,532323.611,533257.065,0.590948837
zipkin2.internal.ReadBufferTest._Benchmark.benchmark_readVarint32,812046.515,804512.743,810957.743,816001.577,803820.774,813739.717,810850.721,814375.971,807983.432,804021.65,811586.75,808954.832,809578.764,815985.499,805303.093,799256.336,809745.441,806346.636,809923.752,802930.253,808073.336,810957.28,818981.554,816569.398,804470.713,810860.419,812580.77,814915.258,814812.052,810720.492,0.578961469
zipkin2.internal.Proto3ZipkinFieldsTest._Benchmark.benchmark_tag_sizeInBytes,614026.696,616387.893,615423.956,617552.814,619594.605,617122.272,619904.797,613838.146,617729.053,621084.145,618662.934,615020.917,613839.819,615793.594,614468.723,617966.597,616635.029,618478.963,614834.931,619557.412,618429.832,615117.905,612267.47,609977.567,609702.396,614800.469,605958.027,609635.605,615226.182,618085.817,0.562756071
zipkin2.internal.WriteBufferTest._Benchmark.benchmark_utf8_21Bit_truncated,764389.514,774898.007,773180.283,773869.421,769999.368,758608.302,762000.902,768228.814,773610.896,767442.4,764606.74,766238.758,765170.125,760823.343,767083.536,762478.694,768709.124,771663.645,771043.545,766081.468,766397.258,766491.797,766291.499,764573.652,758054.038,764322.577,764165.092,764887.953,771062.511,767833.318,0.561338023
zipkin2.internal.ReadBufferTest._Benchmark.benchmark_readLongLe_byteBuff,831475.467,826046.883,823972.439,832671.962,827899.7,824949.686,832613.609,839340.397,830968.414,834576.478,831478.384,837313.494,830761.843,830587.205,829317.486,829431.522,834844.251,836102.924,835697.425,837743.293,839160.45,835895.463,839309.439,830225.645,836777.34,830955.126,836254.226,840870.516,826276.219,837683.733,0.556315506
zipkin2.SpanTest._Benchmark.benchmark_parentIdFromLong_zeroSameAsNull,644118.586,634630.102,642617.313,642295.836,640631.041,637645.722,631662.402,642193.793,634389.713,640395.174,637905.49,638225.014,636726.047,641112.39,639477.169,639669.43,639422.26,642389.47,635939.445,640214.326,641854.037,635136.971,631634.768,631344.754,635807.007,634002.998,640690.154,638084.671,641243.764,639660.402,0.554953067
zipkin2.internal.WriteBufferTest._Benchmark.benchmark_utf8_21Bit_brokenLowSurrogate,760068.22,758954.317,764602.336,761197.773,763413.954,752908.363,751139.412,760122.842,759085.445,757656.274,754064.757,760310.428,759357.666,753428.2,755691.258,756804.811,762782.625,756809.108,766514.388,764225.886,759683.516,754414.159,762041.793,757018.322,751312.438,753129.243,754363.805,753766.057,761655.292,759943.697,0.548360234
zipkin2.storage.StrictTraceIdTest._Benchmark.benchmark_filterSpans,593099.343,591095.588,587602.11,595339.954,593891.023,590777.268,590183.469,596098.614,597341.251,597049.35,595147.332,590002.526,590502.473,587063.024,594114.549,591211.581,587335.45,591731.719,593002.091,590303.344,593015.32,589076.854,591626.254,592587.844,596636.439,595557.565,593826.075,599373.712,597825.795,595374.064,0.546534189
zipkin2.internal.ReadBufferTest._Benchmark.benchmark_byteBuffer_arrayOffset,775466.594,773383.019,775540.435,776634.93,777057.366,776455.399,776781.121,776119.238,777389.043,773049.423,770000.132,771937.522,772090.537,766259.082,770312.776,767926.091,771870.124,768448.177,765600.649,771206.221,770855.486,769222.305,771144.009,767974.774,762829.291,762479.259,765804.378,772817.088,769481.103,768486.868,0.544314703
zipkin2.internal.Proto3FieldsTest._Benchmark.benchmark_field_skipValue_VARINT,635429.174,629507.045,634368.11,641104.828,633450.216,633142.685,635366.394,642022.637,634502.898,631830.258,632597.879,631837.421,629668.603,639080.84,637997.954,627854.787,633272.472,630602.681,639993.231,630971.722,633979.907,633777.823,636472.881,632027.308,636005.337,637198.618,636118.881,631120.901,634105.537,633782.889,0.541021327
zipkin2.v1.V1SpanTest._Benchmark.benchmark_binaryAnnotationEndpoint_emptyToNull,705777.88,710466.179,708854.285,710860.785,709303.788,709415.335,703653.15,702376.563,705961.057,700483.951,707694.61,707938.095,705056.992,705604.171,700619.641,701206.597,710932.96,700695.234,703305.919,698166.581,705197.808,708872.76,709175.771,707265.498,710639.631,710112.129,708551.531,708234.693,706003.629,700646.441,0.527927097
zipkin2.internal.ReadBufferTest._Benchmark.benchmark_readLongLe_bytes,869160.775,866723.384,865857.455,863910.329,864399.073,868315.86,876351.531,866121.156,871186.044,862957.281,863698.74,862950.771,866958.001,867542.65,874300.513,872265.915,877954.616,876020.555,874525.222,865298.875,873405.648,866212.47,868581.181,870079.728,873913.446,868944.53,876312.115,869216.094,872027.795,870834.247,0.505302926
zipkin2.internal.ReadBufferTest._Benchmark.benchmark_readShort_byteBuff_littleEndian,826060.557,824137.445,831327.845,833483.041,830356.621,821279.951,826281.889,830012.916,829099.261,827758.637,830748.568,819699.152,831093,828002.606,830146.87,825715.458,818474.977,828028.447,820825.628,826817.222,823035.573,822986.961,822832.293,827314.569,828924.052,824938.837,821503.506,818450.651,824973.346,820501.484,0.504087304
zipkin2.internal.ReadBufferTest._Benchmark.benchmark_readShort_byteBuff,840889.054,839937.886,840532.672,841509.253,840394.723,843075.523,840526.274,837229.068,832321.896,830924.98,837301.336,840104.944,838221.562,839982.619,841099.487,840215.398,837712.501,835559.424,835244.722,831244.729,833892.478,833276.694,827539.581,829682.13,839094.828,834973.397,836758.516,829532.101,834825.603,832781.262,0.50108899
zipkin2.internal.ReadBufferTest._Benchmark.benchmark_readLong_byteBuff,822587.077,814515.063,815719.43,817615.31,821103.627,819552.405,821814.485,811427.128,812648.308,811554.709,812973.41,812907.376,817933.002,817054.129,824354.352,821477.177,823727.054,810897.955,815192.293,822082.921,814732.565,815659.61,815253.127,818287.793,815728.818,819400.795,815411.668,809353.452,817097.201,813190.167,0.496658276
zipkin2.internal.ReadBufferTest._Benchmark.benchmark_byteBuffer_limited,801210.668,797533.991,803442.122,805022.789,800007.977,799835.402,799804.531,805612.094,803322.549,805895.541,806731.311,800890.954,796586.184,799201.512,800996.899,802764.156,809556.091,798721.491,802883.19,809050.583,803920.591,808143.085,810254.349,807722.419,804611.119,807295.719,800163.746,805367.86,805850.922,809627.993,0.479419363
zipkin2.internal.ReadBufferTest._Benchmark.benchmark_readInt_bytes,852803.325,857743.913,849977.821,854654.75,848326.411,850530.67,859359.98,855695.35,857929.099,847677.513,853318.991,847700.855,854675.97,853496.992,854540.691,849553.744,858177.712,856893.047,860101.336,856395.595,854467.302,850056.599,852877.286,856038.668,853004.486,857933.004,858645.419,857696.749,863998.284,848876.293,0.479284089
zipkin2.internal.ReadBufferTest._Benchmark.benchmark_readLong_bytes,862054.502,867592.767,868320.387,858000.435,864323.49,868061.74,857632.825,863383.774,863178.112,861077.281,859182.403,863768.819,861287.682,857157.141,868309.723,863661.376,865414.236,867923.659,856903.217,862498.302,860519.622,862228.727,863421.224,860500.605,865350.633,864924.616,855105.817,857312.858,853904.337,857319.246,0.475102913
zipkin2.internal.WriteBufferTest._Benchmark.benchmark_writeAscii_long,602110.12,598617.844,600337.355,603557.805,606901.215,603156.777,609403.882,598706.956,599350.405,602223.359,597755.425,603272.992,600549.612,604563.477,601253.218,604004.071,606567.584,605207.731,603092.528,600479.198,605503.006,602365.798,604298.164,605381.898,604151.741,604234.946,605509.711,603790.574,597858.173,600063.595,0.475059817
zipkin2.storage.InMemoryStorageTest._Benchmark.benchmark_toStringContainsOnlySummaryInformation,734995.379,740196.855,740102.468,734539.778,734489.875,730401.769,734914.242,732453.179,738057.759,733408.838,732968.596,740601.862,738470.625,738048.012,730704.961,731851.349,734346.531,735996.916,740036.227,733283.529,737347.032,740546.543,742293.645,738761.121,741217.131,737880.702,739445.763,741912.098,733315.623,738209.81,0.47372488
zipkin2.internal.WriteBufferTest._Benchmark.benchmark_utf8_matchesAscii,666505.37,664931.954,660317.322,664905.139,665332.726,665377.73,667927.9,664951.264,667756.663,667149.286,663674.039,662398.468,665450.287,668173.469,667328.033,662577.058,661160.604,668967.32,664678.61,663928.973,658652.072,661085.922,660617.958,663024.812,659692.059,662578.872,656426.686,664777.833,660429.199,664328.249,0.463153798
zipkin2.internal.WriteBufferTest._Benchmark.benchmark_unsignedVarintSize_64_largest,916679.111,916880.574,914287.719,905594.04,906223.963,916260.96,910554.026,908551.355,906644.872,907291.898,915626.597,915599.883,914712.562,910661.692,915270.952,912894.128,908649.358,912167.863,911962.254,912436.682,916836.684,910806.572,915468.627,911722.717,914427.089,916311.762,904874.826,908468.534,905424.693,903727.815,0.454246317
zipkin2.codec.SpanBytesEncoderTest._Benchmark.benchmark_span_minimum_JSON_V2,694259.267,693319.583,697422.278,694017.726,695387.919,696555.849,696108.011,697121.625,690135.918,691632.57,692304.622,699217.091,694272.716,696362.841,698062.687,695354.217,699339.396,695827.804,698512.698,697006.005,696791.424,701038.359,695829.417,698611.48,698596.912,700003.503,695661.139,695936.442,687404.949,689784.681,0.452909456
zipkin2.internal.ReadBufferTest._Benchmark.benchmark_readInt_byteBuff,825069.959,823201.075,819614.791,822743.717,833111.333,832434.271,831427.757,833276.973,832205.749,831832.409,833489.865,833579.256,833871.735,834110.696,834655.385,833811.42,832597.981,832240.959,831619.704,830123.797,832542.809,832641.9,834150.92,831986.191,834256.409,833097.222,834058.752,833764.387,832645.707,831003.918,0.451154279
zipkin2.EndpointTest._Benchmark.benchmark_missingIpv4IsNull,876852.12,876234.916,879587.131,882739.626,887300.86,883905.507,876849.342,883794.554,884664.505,887702.415,886808.118,878142.283,879159.604,886915.401,889303.575,882664.296,879478.977,878872.688,889110.451,886669.585,882112.048,877872.687,883090.67,888791.401,883559.845,884922.918,881918.355,882187.747,887657.715,884059.475,0.448635495
zipkin2.AnnotationTest._Benchmark.benchmark_toString_isNice,784948,784026.599,785392.31,780019.075,784541.792,786695.364,779280.468,783884.062,781685.228,778965.017,780947.261,786634.498,788271.621,779882.87,786256.183,788822.743,786884.748,783579.602,782479.748,780253.543,788361.465,787228.317,785443.789,784074.793,781120.032,785906.08,774318.188,787027.227,786648.578,787402.194,0.44234786
zipkin2.internal.ReadBufferTest._Benchmark.benchmark_readLongLe_byteBuff_littleEndian,833053.914,831202.445,827447.188,827885.785,826363.828,834718.713,837596.747,832495.323,832321.158,833206.626,831154.501,831598.875,825815.396,823650.081,831533.101,830957.501,834153.816,836816.902,831739.316,830892.583,828794.421,833235.357,829782.755,825128.169,830640.371,834572.821,838895.5,833497.311,830243.053,835413.099,0.435467823
zipkin2.SpanTest._Benchmark.benchmark_debug_canUnset,717172.617,709416.154,718506.561,717154.356,719390.534,716062.457,713851.277,712450.461,717358.169,717024.637,717122.704,718855.636,717611.341,712415.426,713043.481,710969.67,719990.989,712966.397,720522.448,719441.508,718483.083,718898.698,716608.867,717676.655,718708.938,719736.967,719746.317,720458.523,721747.503,719019.026,0.433616839
zipkin2.internal.WriteBufferTest._Benchmark.benchmark_unsignedVarintSize_32_largest,902272.678,904677.464,896939.797,892281.791,892439.116,899380.402,899044.302,899559.91,904549.74,898470.781,902221.73,904009.165,900069.799,894016.049,900473.704,896726.067,897344.127,895201.933,896848.584,899745.621,904679.612,906279.218,902638.977,900254.005,898345.924,896698.199,902980.034,897679.89,904806.418,893501.461,0.432418673
zipkin2.codec.SpanBytesEncoderTest._Benchmark.benchmark_span_minimum_JSON_V1,584859.677,582217.92,580420.179,582104.458,584215.653,583347.271,577352.42,577661.515,580117.402,578352.83,578800.755,582077.806,577751.799,579352.037,584318.017,582600.504,585544.982,585053.326,582889.17,582400.48,581438.216,580811.527,583877.547,581714.301,580338.34,580664.017,577015.36,577841.264,579113.396,581980.828,0.428802709
zipkin2.EndpointTest._Benchmark.benchmark_lowercasesServiceName,806190.564,807219.184,801214.346,802195.973,801902.551,800997.992,802186.935,802993.597,806976.452,808246.304,807982.36,809920.479,809417.956,808318.302,809578.254,808339.822,801683.48,803065.743,798567.001,805078.35,806158.937,797383.988,802983.23,807266.276,805803.03,805489.875,807807.204,805536.626,803253.117,801043.297,0.417749718
zipkin2.SpanTest._Benchmark.benchmark_toString_isJson,554949.335,555151.653,554966.822,549952.63,552609.063,558304.386,557535.697,556196.751,552655.464,559003.68,559012.289,555211.91,556893.186,555538.454,558524.024,557871.504,555266.149,557945.379,555466.742,555577.914,557166.858,555779.211,560839.867,560222.563,554334.17,557504.405,557596.364,554469.685,555085.764,556037.992,0.416566283
zipkin2.codec.V1SpanBytesDecoderTest._Benchmark.benchmark_falseOnEmpty_inputSpans_THRIFT,879595.612,884289.838,878228.782,880574.384,879073.98,877319.558,880688.195,879152.36,879854.661,879175.473,879917.444,873443.521,869572.867,875326.214,881992.324,879208.972,883867.633,874371.241,873325.54,882287.8,877976.593,882121.675,881059.14,883046.838,880500.625,880777.338,880654.227,872584.171,880870.233,883837.402,0.409552622
zipkin2.codec.V1SpanBytesDecoderTest._Benchmark.benchmark_emptyListOk_THRIFT,844410.946,841508.306,840026.518,841895.839,834291.941,843291.724,844427.365,834782.767,834373.105,838704.731,840139.654,839173.189,843681.585,837315.271,837390.575,841262.848,843418.199,839939.828,834101.102,833018.594,833153.08,840535.577,841862.264,840738.886,836959.868,842053.593,841107.358,840354.274,840695.933,838601.163,0.40370148
zipkin2.SpanTest._Benchmark.benchmark_normalizeTraceId_truncates64BitZeroPrefix,641648.261,643182.539,642957.824,637987.283,641228.478,641017.631,642485.077,635618.123,638699.542,639781.509,640372.544,641487.159,636557.279,641543.595,635100.648,639387.546,643434.974,638874.656,643495.842,637403.202,645931.773,639342.428,637195.13,643315.068,640323.872,638723.122,640598.998,638782.723,642755.119,641767.394,0.402890209
zipkin2.SpanTest._Benchmark.benchmark_removesSharedFlagFromClientSpans,689304.38,688745.9,685664.825,689562.949,679959.598,688659.009,686292.505,685966.657,687417.648,692350.064,688924.15,689327.696,682706.016,687448.348,691747.436,688917.71,690165.242,684971.019,691378.895,690176.134,690242.965,688823.619,689295.558,688023.558,687560.452,689753.902,686557.513,692377.898,691046.534,687402.088,0.395620844
zipkin2.codec.SpanBytesEncoderTest._Benchmark.benchmark_localSpan_JSON_V2,557831.288,558534.688,558486.012,558331.266,558388.222,561607.639,559381.929,558385.462,559465.874,558893.632,558475.92,553730.753,555010.318,558892.77,557208.331,560601.275,558284.573,558239.455,556834.955,554816.729,552180.435,558350.477,554084.671,556855.944,558370.801,556684.264,561276.563,557125.478,554713.971,556335.15,0.391656975
zipkin2.EndpointTest._Benchmark.benchmark_ip_ipv6,531008.581,533469.107,531581.292,530319.659,531100.939,532946.03,535982.855,535154.399,533907.845,537102.846,536372.189,532611.755,529390.107,533159.216,534650.082,536544.431,535268.15,535214.196,534129.319,533575.595,534667.718,534672.934,534052.13,536277.251,533857.545,531132.367,534880.294,530798.723,532317.769,535851.335,0.384612487
zipkin2.internal.Proto3FieldsTest._Benchmark.benchmark_field_key_fieldOneLengthDelimited,601305.569,605637.008,606022.75,606244.458,603146.331,600572.011,600124.704,601790.009,603698.834,603267.266,607228.45,607017.435,603987.721,606553.481,604624.275,604692.487,600730.672,603209.412,605632.81,602175.441,604344.961,603161.98,602021.208,603675.235,600975.326,605234.53,604161.827,601737.406,598644.093,599484.773,0.382090834
zipkin2.SpanTest._Benchmark.benchmark_localServiceName,681245.571,674372.852,680538.834,679247.89,679867.012,678236.468,678522.875,679037.782,680441.691,681216.057,677807.145,682109.71,678577.821,680224.754,675760.117,679837.089,675103.931,673406.186,677746.869,680553.591,676399.398,682432.115,675865.469,675418.298,674540.318,676945.994,675733.043,680989.293,679088.219,675254.89,0.374866774
zipkin2.SpanTest._Benchmark.benchmark_parentId_sameAsIdCoerseToNull,618326.389,615656.477,617414.118,616691.974,615969.142,614648.011,611041.395,615149.924,617246.077,614861.696,617505.454,616637.597,616629.454,616268.713,615998.367,610377.238,614480.799,613866.034,612483.845,612825.5,614803.157,615541.898,620104.52,619008.13,619133.248,614140.639,615837.279,614622.654,612851.396,617915.079,0.373852339
zipkin2.codec.SpanBytesDecoderTest._Benchmark.benchmark_falseOnEmpty_inputSpans_PROTO3,896268.449,891978.756,894902.473,894157.474,893202.964,896464.461,891284.726,895958.185,898182.82,894764.142,891216.53,886805.73,894882.63,894790.877,893273.815,889202.824,883071.16,895028.453,891855.525,895859.367,896240.09,889947.783,897018.975,891665.99,890530.672,894935.316,889439.068,890994.882,893339.675,891875.394,0.366738059
zipkin2.SpanTest._Benchmark.benchmark_normalizeTraceId_padsTo128,655366.739,658526.094,655960.132,657956.863,656530.019,658917.295,652413.285,660834.779,658157.418,657556.232,657877.359,651352.516,659540.784,658818.961,659611.525,656996.624,659726.929,658583.965,657421.175,659695.947,655894.891,657325.528,657128.537,657619.876,658467.342,650941.498,657788.872,654464.742,656733.798,658385.509,0.360840556
zipkin2.SpanTest._Benchmark.benchmark_idFromLong_minValue,652412.315,648910.928,652192.802,649929.601,652654.61,648956.961,652077.687,650495.622,650839.21,647081.267,649763.662,646233.249,646598.405,652509.247,643605.389,644547.097,651743.843,651682.976,649865.468,649001.085,652533.249,650222.253,651993.641,650764.953,649660.582,651020.288,650146.595,651520.498,650915.616,650878.048,0.360755015
zipkin2.codec.V1SpanBytesDecoderTest._Benchmark.benchmark_falseOnEmpty_inputSpans_JSON_V1,872358.371,871368.053,874205.421,877930.883,878607.767,880525.16,878828.797,874214.978,881322.32,878530.564,878880.944,881024.177,875644.351,879093.821,874842.867,878722.604,884017.682,874891.236,882725.095,874298.577,875481.526,881601.548,879512.476,873679.158,879867.755,876439.958,878780.83,880667.251,876212.425,879011.442,0.359630716
zipkin2.SpanTest._Benchmark.benchmark_builder_canUnsetParent,649271.787,650514.71,647606.443,650178.34,648304.412,648784.831,643476.279,646294.022,649284.177,646597.79,649403.196,646989.415,647633.204,648069.464,652777.638,643858.217,650930.796,650885.973,651746.225,650972.955,649524.487,649070.589,651640.779,651172.965,650175.011,651825.824,651067.368,651507.564,651181.155,651934.759,0.357360529
zipkin2.SpanTest._Benchmark.benchmark_remoteEndpoint_emptyToNull,685678.507,689264.286,689002.315,688754.798,686180.48,689435.356,687906.437,684666.012,686844.781,686329.27,690084.356,690434.254,683885.03,681360.043,688116.409,689401.951,688225.199,690472.429,688883.911,683450.638,687783.365,689991.811,686601.4,691506.16,689921.431,690006.389,689414.209,684011.505,688289.277,688382.956,0.355234112
zipkin2.internal.JsonEscaperTest._Benchmark.benchmark_testJsonEscapedSizeInBytes,750912.363,754296.444,755503.148,754937.279,750496.914,755890.311,755311.452,754459.372,754014.523,758408.075,755283.298,751632.596,753497.947,751679.753,748869.789,757546.684,755354.806,759718.674,756170.872,755481.753,757969.935,756614.927,752083.65,750385.538,758269.154,757720.537,756429.685,755859.484,756306.626,755851.431,0.355183863
zipkin2.codec.SpanBytesDecoderTest._Benchmark.benchmark_falseOnEmpty_inputSpans_JSON_V2,880059.304,883909.664,880624.817,881121.572,878717.481,873843.533,877381.95,878619.182,884030.605,884653.501,884342.177,884924.814,877287.148,880271.6,885055.236,884490.675,887153.442,881541.132,882673.355,882143.926,881302.628,880965.887,880824.964,882983.99,884326.275,880699.874,886485.463,885075.051,886214.9,885753.407,0.354637744
zipkin2.EndpointTest._Benchmark.benchmark_newBuilderWithPort_highest,901988.207,901398.514,900225.636,900273.125,900839.636,901509.653,897189.358,902665.219,900355.074,901394.14,901539.268,900479.63,900200.389,898806.695,899163.306,901902.124,898604.491,900735.276,900212.842,901775.139,902882.91,898666.577,895562.436,897722.266,900248.602,902403.54,891405.086,891484.021,891329.175,898947.21,0.353258405
zipkin2.SpanTest._Benchmark.benchmark_normalizeTraceId_padsTo64,674005.879,675830.907,668047.782,673630.209,667771.992,669338.329,666621.046,674095.03,676534.431,672749.303,674540.044,671427.049,672535.881,673320.851,674366.498,674392.991,672370.118,675327.437,674638.071,675168.107,671311.167,672448.758,672803.063,673492.753,675287.073,673305.782,672712.44,673926,672873.098,673428.608,0.350252094
zipkin2.SpanTest._Benchmark.benchmark_shared_canDisable,686376.53,691035.737,688661.513,688867.547,681069.624,688253.443,686621.369,689527.934,688405.594,683565.913,687560.117,687676.825,691671.851,689448.219,691246.324,686711.563,686292.252,690961.507,686853.7,686331.787,686296.892,686662.649,682657.755,689494.611,686725.213,688639.384,689245.009,688414.326,689074.548,687205.81,0.349651713
zipkin2.EndpointTest._Benchmark.benchmark_newBuilderWithPort_NegativeCoercesToNull,892216.077,891711.988,894825.098,891253.214,894076.246,889118.956,896656.298,894498.832,892847.847,889085.63,891553.584,893187.716,888272.984,890567.268,899205.705,892740.185,889558.7,889886.913,893137.839,895665.591,888815.52,893619.88,889822.137,898634.225,896763.819,891349.663,886632.835,894642.372,889989.595,892518.688,0.34369255
zipkin2.SpanTest._Benchmark.benchmark_parentIdFromLong,679996.946,680921.675,676721.647,681837.399,679866.712,680038.515,677668.734,681160.1,678647.219,675747.678,683130.678,678361.635,680222.323,679749.823,678205.881,679380.592,672113.911,680634.398,679841.182,677426.386,678399.467,678034.472,680863.445,679114.15,679582.904,676053.261,676976.852,682407.339,681658.884,682044.127,0.340117211
zipkin2.internal.ReadBufferTest._Benchmark.benchmark_readVarint64,793804.067,795854.255,795265.794,785934.449,790534.494,797570.786,794500.665,789246.986,792554.229,793557.409,794985.203,796330.414,796328.321,791524.281,795676.044,795076.109,792073.446,793106.618,793067.359,792105.443,791832.651,796727.447,795800.293,788669.689,791892.978,794934.31,793283.977,789727.194,793888.688,790883.535,0.339621737
zipkin2.internal.ReadBufferTest._Benchmark.benchmark_readInt_byteBuff_littleEndian,832229.379,832156.23,835418.255,832701.646,834129.664,833613.777,835744.249,838947.821,835553.592,835285.456,829089.551,835744.644,828464.307,831936.332,828120.113,829888.109,833407.467,826989.239,837324.298,834237.579,834397.696,835540.44,833809.765,833295.19,830105.378,834870.759,833329.597,831879.099,831530.647,835604.31,0.33689121
zipkin2.SpanTest._Benchmark.benchmark_localEndpoint_emptyToNull,678760.931,677409.751,679541.082,681294.448,676272.565,673824.348,678295.005,672840.867,678436.018,678156.242,677615.118,674549.308,673428.114,679844.58,676490.458,679502.528,678162.242,679301.555,681879.499,680357.008,680826.363,678396.019,680476.073,677294.173,679479.353,679181.702,679792.934,678226.074,680225.642,679659.041,0.336430698
zipkin2.EndpointTest._Benchmark.benchmark_newBuilderWithPort_0CoercesToNull,892305.07,893135.838,892238.615,892029.323,891115.47,893066.937,893937.024,894440.076,896240.259,897862.327,894549.917,896318.719,896750.007,895554.696,890200.776,889844.666,893379.231,891604.906,894933.041,889084.266,888650.69,893650.762,892190.837,887234.645,889607.882,892003.398,897998.264,897381.184,888369.541,889311.13,0.335205098
zipkin2.SpanTest._Benchmark.benchmark_traceIdString,672259.472,672243.704,674954.254,675499.753,668528.518,673980.335,674061.38,671923.595,674118.472,670560.363,671657.067,673343.731,676045.961,675776.896,669251.857,668520.174,671815.061,675411.891,673765.313,667800.033,671424.854,671862.865,672729.778,673962,672309.233,675818.087,671350.943,671648.101,671866.369,670745.295,0.334037639
zipkin2.SpanTest._Benchmark.benchmark_traceIdFromLong_128,658911.604,655678.436,651399.954,660049.23,653069.809,659555.57,655639.386,659664.177,656692.577,657438.714,660217.965,657257.35,656001.684,653178.43,656655.877,657552.607,657656.732,655045.594,656762.06,657339.022,654338.307,655302.276,655675.502,658524.181,658491.042,655181.475,654101.386,654367.456,658150.681,656021.65,0.333133651
zipkin2.internal.WriteBufferTest._Benchmark.benchmark_emoji,816192.325,815652.243,817983.867,814837.611,810099.89,816702.93,816583.798,819103.389,814889.503,810303.161,813252.648,817831.062,817423.732,815272.354,807903.404,814688.837,816933.343,816095.353,813223.034,810840.024,810554.127,816448.669,814308.127,812471.601,811262.305,814707.82,813616.792,816315.631,814097.051,815849.955,0.332647184
zipkin2.SpanTest._Benchmark.benchmark_debug_canDisable,718678.829,714803.927,716300.57,713929.1,714816.156,710893.493,720509.853,719843.627,717443.567,719752.91,713972.532,717935.073,716173.025,719085.997,717694.921,711805.861,715126.769,715733.11,716262.092,715497.752,717264.078,719032.996,715538.157,719116.198,716750.866,718005.409,716583.784,716950.67,718026.169,719019.287,0.321088749
zipkin2.internal.FilterTracesTest._Benchmark.benchmark_doesntMutateInputWhenUnmatched,864770.653,866589.597,867658.945,862335.144,867546.608,866520.619,863233.886,859674.461,857675.704,867877.573,866204.54,861196.125,863210.821,862754.246,865084.642,862343.73,866938.156,865924.572,863118.898,866498.555,865710.149,867124.506,865638.896,863776.835,868510.813,868209.864,864221.135,861905.173,869161.301,867368.983,0.320734443
zipkin2.codec.EncodingTest._Benchmark.benchmark_singletonList_proto3,878771.971,877726.33,876641.151,877320.06,877581.673,880672.617,875712.622,878178.567,876986.939,877520.002,875321.476,869582.532,875683.165,880978.941,878105.109,877545.944,881576.53,881138.106,880297.313,881916.27,878687.59,877142.795,874403.168,878215.03,876208.413,875143.913,878570.974,879143.784,874101.322,883870.865,0.319767618
zipkin2.SpanTest._Benchmark.benchmark_shared_canUnset,709746.569,703807.669,708787.59,709332.26,705723.706,706254.597,702699.69,709473.004,709565.694,708884.437,711190.94,705343.361,706446.903,709518.556,710003.723,705320.527,708887.371,710053.089,710524.548,712316.185,707344.812,708770.335,706794.64,709654.46,706752.429,710108.58,710104.335,709268.138,709436.852,710546.695,0.319278716
zipkin2.codec.EncodingTest._Benchmark.benchmark_multiItemList_json,866357.649,865658.17,866270.877,863303.546,867140.946,865475.296,867376.293,870170.785,868090.604,875263.907,872239.353,869337.261,864478.756,862084.949,869018.403,868391.915,867197.885,870611.371,870355.488,870798.282,867211.03,867940.339,869337.278,865708.554,868396.787,871000.668,868535.249,871022.337,870772.444,867803.805,0.316913208
zipkin2.internal.TraceTest._Benchmark.benchmark_cleanupComparator_ordersClientFirst,691187.701,695131.857,695532.725,696562.13,696134.108,695799.162,696343.523,695361.776,694268.987,695643.349,695337.576,691881.877,692952.178,694732.393,695849.37,695358.379,691813.537,689100.517,693359.573,691635.495,694540.298,689421.308,694177.357,692656.534,689719.5,695492.388,693785.838,692898.625,693402.103,690418.938,0.315664914
zipkin2.codec.EncodingTest._Benchmark.benchmark_multiItemList_proto3,873693.306,867715.152,868753.335,869899.622,869388.924,871640.441,866237.281,869035.169,872614.813,872545.269,871114.75,871903.022,866846.982,864498.424,864879.709,869119.572,867505.854,865955.441,873687.269,870799.228,872905.786,873083.245,873351.414,872472.597,870413.35,873608.417,869221.668,871091.247,868326.607,870284.221,0.312000916
zipkin2.codec.SpanBytesEncoderTest._Benchmark.benchmark_errorSpan_JSON_V2,627059.747,627899.821,627122.411,628184.298,630630.803,631090.33,629670.254,629315.579,631098.515,624588.557,627976.049,629127.74,624153.561,630110.81,628840.879,625089.72,627607.532,628434.084,627130.403,628303.43,629937.062,627894.858,628111.41,627073.607,624461.563,630708.009,628971.978,627437.582,629433.878,626002.25,0.304686527
zipkin2.SpanTest._Benchmark.benchmark_idFromLong,672156.461,673319.783,669344.292,675493.571,674616.311,675130.067,676325.825,670887.894,676201.589,672485.823,675332.751,673607.515,671083.867,673076.375,672711.775,674126.526,671917.001,671136.979,674976.613,669434.334,668114.163,673048.965,674373.552,672366.449,671619.11,673379.213,672784.821,671856.468,675114.026,671871.058,0.303356614
zipkin2.SpanTest._Benchmark.benchmark_remoteServiceName,652159.366,652233.274,656133.81,654552.174,655428.29,652126.402,655709.807,657274.233,653129.073,652621.801,656436.12,653248,657815.451,656105.261,656487.978,656734.044,655069.79,656455.607,655868.011,658697.841,658344.382,657801.634,657575.182,657484.343,655569.856,655056.335,654361.747,658309.794,658111.798,656947.803,0.303102227
zipkin2.codec.SpanBytesEncoderTest._Benchmark.benchmark_errorSpan_PROTO3,669874.552,670863.493,671269.382,671215.688,672275.501,669927.097,671934.744,670902.625,666153.196,670409.157,671339.51,668912.995,666329.506,671200.542,670968.496,670524.091,671443.433,667689.453,670367.006,669947.763,671476.665,671171.887,666844.143,670509.373,669066.423,669084.344,666345.973,671612.626,670717.725,664255.203,0.302692502
zipkin2.internal.HexCodecTest._Benchmark.benchmark_lowerHexToUnsignedLong_downgrades128bitIdsByDroppingHighBits,841473.726,843099.591,838386.777,840631.532,837756.738,841486.864,842153.24,844437.958,842936.111,838035.725,843173.697,844791.03,841040.522,843031.3,839933.777,841423.043,843087.795,842155.549,842724.38,839167.61,833530.701,841677.092,839886.668,841692.615,839951.842,842964.177,843714.319,836448.991,838231.161,839734.462,0.300196956
zipkin2.codec.EncodingTest._Benchmark.benchmark_emptyList_proto3,919347.282,919102.658,922627.198,917418.816,915873.839,914833.992,912567.506,915647.632,920576.526,922339.68,921797.699,918685.079,914519.924,917552.225,913417.458,919445.243,917021.996,916194.67,916553.613,918528.649,914302.784,919403.426,915980.981,917551.787,918313.69,921634.169,915904.779,920664.057,913722.273,917159.642,0.297532231
zipkin2.EndpointTest._Benchmark.benchmark_ipv6_downcases,653567.303,655703.575,651218.108,653070.481,654990.624,654365.65,654350.435,651402.351,650487.485,652838.067,654172.865,655726.55,656858.67,657458.113,656462.266,656251.073,656203.636,655869.423,655709.938,653259.578,652677.597,655215.482,655699.307,655364.58,655512.737,653777.538,654386.13,655591.584,654833.509,649566.909,0.29422913
zipkin2.codec.SpanBytesEncoderTest._Benchmark.benchmark_localSpan_PROTO3,701357.084,703128.818,696534.965,698829.765,698965.125,699692.333,701454.212,700271.522,700319.227,701699.43,701381.676,703700.437,704364.857,700456.308,700386.688,700886.912,701690.401,701736.837,701221.033,699889.663,695849.176,701925.918,701826.842,700287.151,702517.318,701999.254,702010.802,698345.314,697409.071,697438.223,0.289117061
zipkin2.EndpointTest._Benchmark.benchmark_ipv6_notMappedIpv4,782283.412,777098.489,777105.919,783067.049,780381.757,777904.976,779999.552,781968.006,780808.205,779664.739,779788.503,780988.696,782831.987,782512.058,780551.959,778000.125,780975.811,778082.751,775296.995,780975.797,781489.562,781626.859,781855.84,780911.121,783426.573,781960.502,783859.026,781634.068,784955.079,783196.118,0.285207897
zipkin2.codec.SpanBytesDecoderTest._Benchmark.benchmark_emptyListOk_PROTO3,887477.649,886194.401,885946.454,890524.681,886014.675,890102.625,887066.3,885272.042,889320.452,885954.545,886770.524,886128.168,887563.684,883729.137,887787.848,888894.208,885580.856,886477.692,881444.445,885669.083,882277.001,886350.351,886156.36,885760.703,890384.94,890794.879,889568.03,889492.309,889509.935,891613.983,0.277307923
zipkin2.SpanTest._Benchmark.benchmark_spanNamesLowercase,646961.427,644163.331,647050.711,645437.359,643167.212,647220.528,644411.847,648444.377,643544.537,646125.748,643494.211,647169.874,645958.078,648535.168,646554.661,643867.264,647172.124,644416.222,644766.659,645078.754,649650.461,644993.411,646186.661,648206.186,649126.375,648375.863,645630.879,645865.033,645414.793,644433.008,0.276451191
zipkin2.EndpointTest._Benchmark.benchmark_coercesZeroPortToNull,914342.676,918615.908,921434.864,921039.937,920420.64,923048.991,919951.438,922247.5,921293.957,920219.313,913398.105,919107.516,920394.454,919440.123,918114.317,922733.778,914202.317,919251.184,920879.529,922217.437,922658.793,921865.586,921142.394,921872.437,922781.64,922723.244,919358.275,920280.747,920596.34,922503.751,0.274066839
zipkin2.SpanTest._Benchmark.benchmark_builder_merge_tags,588468.009,590833.526,588988.474,592707.752,588887.714,591644.356,592635.536,585832.144,589708.903,592545.204,590616.95,587644.206,590319.673,587220.751,590499.144,588388.632,591504.324,590253.649,591636.324,591316.638,590223.975,589831.502,590133.891,590277.731,588997.579,589905.378,588979.465,590988.25,590801.573,591440.393,0.272763466
zipkin2.SpanTest._Benchmark.benchmark_putTagOverwritesValue,560981.058,564567.361,561399.79,563590.544,561789.63,560816.346,561926.731,564012.465,561571.46,564028.596,565064.555,566246.756,563550.83,562773.803,563992.828,563470.075,564402.666,564638.932,560443.946,560527.105,562309.424,563310.433,564263.474,563060.392,563289.38,564912.528,563928.564,564153.005,562029.689,564939.907,0.268333542
zipkin2.codec.EncodingTest._Benchmark.benchmark_singletonList_json,875828.898,873307.17,868676.594,871455.78,872308.618,873192.197,868660.85,871761.048,875635.983,872067.207,873110.858,877119.32,872020.116,873557.397,874814.683,868042.386,873412.705,874041.136,875585.658,873668.563,874734.354,873022.621,877189.823,872593.556,873992.43,869417.394,870778.494,871090.053,874107.977,872850.214,0.266233044
zipkin2.internal.Proto3SpanWriterTest._Benchmark.benchmark_writeList_empty,900647.371,897404.657,898979.518,899661.134,895441.071,900826.836,902231.812,898633.863,896450.585,898973.457,897069.228,899074.497,894944.149,900884.596,899516.914,900431.593,900764.129,901499.681,901549.268,897397.633,896553.616,904091.242,900639.775,903322.074,898853.322,900325.778,902764.073,902090.459,902712.842,900330.624,0.259637831
zipkin2.SpanTest._Benchmark.benchmark_traceIdFromLong,675323.262,675811.51,671198.534,676339.162,674719.507,677158.404,677722.52,671020.08,676485.769,676522.063,676468.12,672486.353,674454.273,674851.682,675566.557,674155.662,673035.292,676971.57,675257.278,676583.16,676375.527,674296.879,675863.653,675610.87,677200.443,677522.447,676386.194,677584.598,676018.395,676762.165,0.25911493
zipkin2.codec.SpanBytesEncoderTest._Benchmark.benchmark_span_minimum_THRIFT,647549.75,648190.136,647617.996,647955.142,650031.89,648024.119,650503.991,652274.013,649416.477,650196.543,651996.662,646431.835,649203.565,648868.451,649607.988,651264.655,650897.496,646998.685,651248.164,651425.66,647522.143,650500.867,646268.789,650606.997,649325.785,651372.156,650501.421,648591.171,648230.646,649549.849,0.256761289
zipkin2.codec.SpanBytesEncoderTest._Benchmark.benchmark_localSpan_THRIFT,557830.091,556451.821,556312.062,552988.066,555248.242,557711.39,557505.056,555345.794,556763.714,556467.792,556364.187,557942.287,555451.569,558646.532,557001.13,555633.131,556626.865,558465.032,554176.47,558855.389,556947.019,556897.326,554541.833,555356.772,555462.266,557709.988,555808.009,554495.543,555934.834,557110.349,0.250103994
zipkin2.codec.SpanBytesEncoderTest._Benchmark.benchmark_span_minimum_PROTO3,731294.516,731860.099,733532.12,733641.746,730142.114,734363.255,733752.266,730359.078,730120.659,733181.432,733736.061,734039.029,734255.55,733040.214,734655.971,728784.504,731690.781,733408.723,732686.529,734095.57,734140.326,729358.444,733663.016,733586.93,733659.323,732181.844,734575.59,730184.534,735470.32,732844.82,0.238672224
zipkin2.EndpointTest._Benchmark.benchmark_ip_ipv6_addr,552587.81,552966.366,551706.982,554218.058,551629.474,552674.571,552526.555,551074.618,552878.554,551875.642,550615.664,548182.741,550642.015,552875.09,550672.727,552810.259,550605.177,553211.365,552769.277,551511.02,552283.123,551805.603,550344.485,551751.634,551194.374,551421.982,550738.091,549344.182,550662.642,552774.021,0.229268065
zipkin2.EndpointTest._Benchmark.benchmark_ipv6_notLocalhost,725340.561,724000.835,726158.192,726005.85,725114.273,726266.442,724769.926,726054.382,725231.737,723691.08,726248.668,726723.694,727433.989,727659.343,726485.843,726394.85,725282.1,724181.873,724008.431,722104.052,724090.312,726008.569,724295.947,722987.421,722642.848,724028.711,725865.666,721192.063,723484.452,723200.844,0.219138128
zipkin2.SpanTest._Benchmark.benchmark_coercesZeroTimestampsToNull,676829.851,673590.379,678202.375,674620.298,676035.67,675591.084,677064.547,675628.157,673259.336,673388.951,675987.836,677646.745,674855.081,677637.629,676201.392,676224.65,672623.572,675054.302,675868.619,673993.515,674650.035,675855.697,674707.938,675652.38,672556.01,674384.645,675820.064,675344.613,676360.459,676029.609,0.212337037
zipkin2.SpanBytesDecoderDetectorTest._Benchmark.benchmark_decoderForListMessage_json_v2_partial_localEndpoint,529722.172,529423.575,529160.468,526890.689,529238.728,529066.723,529648.099,527544.557,526067.642,530438.573,529513.869,529542.866,527917.314,530200.401,529778.242,528378.797,530605.503,528189.292,528974.501,529607.905,530131.474,530472.931,527598.24,529606.727,529752.898,529895.786,529232.86,529736.307,529124.363,529853.367,0.203901643
zipkin2.codec.EncodingTest._Benchmark.benchmark_emptyList_json,920010.549,921926.634,918081.133,920357.637,919262.052,918902.478,919929.75,921714.252,920627.706,924248.288,921026.133,923143.364,921615.507,923312.405,923337.201,920954.87,921756.286,922591.62,923344.621,925839.677,925123.857,921406.829,922652.776,923567.909,923128.649,920572.139,922195.745,922548.235,922660.071,924253.591,0.197891354
zipkin2.EndpointTest._Benchmark.benchmark_parseIp_ipv6_bytes,532152.985,534382.179,534299.136,533411.555,534256.565,534893.387,533795.194,535237.834,534487.589,533855.876,533282.644,533612.947,534484.815,534045.852,532935.401,534782.53,531761.208,532354.462,532851.045,534394.918,534128.271,533637.963,533001.182,535470.547,533947.093,533989.898,535390.495,534611.617,533451.435,533766.603,0.170883201